dataActualitzacioWeb,dataCaptura,horaCaptura,PacientsNivell1,PacientsNivell2,PacientsNivell3,PacientsNivell4,tempsEsperaAdults,tempsEsperaPediatrics
"Dimecres, 11 d'abril de 2018 a les 21'16h",2018-04-11,21:16, 0, 4, 8, 11, 1h. 24min., 1h. 0min.
"Dimecres, 11 d'abril de 2018 a les 21'21h",2018-04-11,21:21, 0, 4, 8, 12, 1h. 24min., 1h. 0min.
"Dimecres, 11 d'abril de 2018 a les 21'26h",2018-04-11,21:26, 0, 4, 8, 9, 0h. 51min., 1h. 15min.
"Dimecres, 11 d'abril de 2018 a les 21'31h",2018-04-11,21:31, 0, 4, 8, 10, 1h. 14min., 1h. 15min.
"Dimecres, 11 d'abril de 2018 a les 21'36h",2018-04-11,21:36, 0, 4, 8, 12, 1h. 14min., 1h. 15min.
"Dimecres, 11 d'abril de 2018 a les 21'41h",2018-04-11,21:41, 0, 4, 7, 13, 1h. 14min., 1h. 15min.
"Dimecres, 11 d'abril de 2018 a les 21'46h",2018-04-11,21:46, 0, 4, 7, 12, 0h. 33min., 1h. 15min.
"Dimecres, 11 d'abril de 2018 a les 21'51h",2018-04-11,21:51, 0, 4, 8, 10, 0h. 34min., 1h. 16min.
"Dimecres, 11 d'abril de 2018 a les 21'56h",2018-04-11,21:56, 0, 4, 9, 8, 0h. 39min., 1h. 16min.
"Dimecres, 11 d'abril de 2018 a les 22'01h",2018-04-11,22:1, 0, 4, 9, 9, 0h. 39min., 1h. 16min.
"Dimecres, 11 d'abril de 2018 a les 22'06h",2018-04-11,22:6, 0, 4, 9, 10, 1h. 44min., 1h. 16min.
"Dimecres, 11 d'abril de 2018 a les 22'11h",2018-04-11,22:11, 0, 4, 9, 10, 1h. 44min., 1h. 16min.
"Dimecres, 11 d'abril de 2018 a les 22'16h",2018-04-11,22:16, 0, 4, 10, 9, 0h. 30min., 1h. 16min.
"Dimecres, 11 d'abril de 2018 a les 22'21h",2018-04-11,22:21, 0, 4, 9, 9, 0h. 34min., 1h. 16min.
"Dimecres, 11 d'abril de 2018 a les 22'26h",2018-04-11,22:26, 0, 4, 8, 9, 0h. 34min., 1h. 16min.
"Dimecres, 11 d'abril de 2018 a les 22'31h",2018-04-11,22:31, 0, 4, 7, 10, 0h. 34min., 1h. 16min.
"Dimecres, 11 d'abril de 2018 a les 22'36h",2018-04-11,22:36, 0, 4, 8, 10, 0h. 34min., 1h. 16min.
"Dimecres, 11 d'abril de 2018 a les 22'41h",2018-04-11,22:41, 0, 4, 8, 9, 0h. 53min., 1h. 16min.
"Dimecres, 11 d'abril de 2018 a les 22'46h",2018-04-11,22:46, 0, 2, 8, 9, 1h. 7min., 1h. 16min.
"Dimecres, 11 d'abril de 2018 a les 22'51h",2018-04-11,22:51, 0, 2, 8, 9, 1h. 7min., 1h. 16min.
"Dimecres, 11 d'abril de 2018 a les 22'56h",2018-04-11,22:56, 0, 2, 8, 11, 1h. 7min., 1h. 16min.
"Dimecres, 11 d'abril de 2018 a les 23'01h",2018-04-11,23:1, 0, 2, 7, 12, 1h. 15min., 1h. 16min.
"Dimecres, 11 d'abril de 2018 a les 23'06h",2018-04-11,23:6, 0, 2, 8, 12, 1h. 15min., 1h. 16min.
"Dimecres, 11 d'abril de 2018 a les 23'11h",2018-04-11,23:11, 0, 2, 9, 12, 1h. 15min., 1h. 16min.
"Dimecres, 11 d'abril de 2018 a les 23'16h",2018-04-11,23:16, 0, 2, 8, 10, 0h. 56min., 1h. 2min.
"Dimecres, 11 d'abril de 2018 a les 23'21h",2018-04-11,23:21, 0, 2, 8, 9, 0h. 55min., 1h. 2min.
"Dimecres, 11 d'abril de 2018 a les 23'26h",2018-04-11,23:26, 0, 2, 7, 10, 0h. 55min., 1h. 2min.
"Dimecres, 11 d'abril de 2018 a les 23'31h",2018-04-11,23:31, 0, 2, 7, 8, 0h. 29min., 0h. 38min.
"Dimecres, 11 d'abril de 2018 a les 23'36h",2018-04-11,23:36, 0, 2, 7, 8, 0h. 29min., 0h. 38min.
"Dimecres, 11 d'abril de 2018 a les 23'41h",2018-04-11,23:41, 0, 2, 8, 6, 0h. 31min., 0h. 12min.
"Dimecres, 11 d'abril de 2018 a les 23'46h",2018-04-11,23:46, 0, 2, 8, 5, 0h. 33min., 0h. 12min.
"Dimecres, 11 d'abril de 2018 a les 23'51h",2018-04-11,23:51, 0, 2, 8, 4, 0h. 26min., 0h. 12min.
"Dimecres, 11 d'abril de 2018 a les 23'56h",2018-04-11,23:56, 0, 2, 8, 4, 0h. 26min., 0h. 12min.
"Dijous, 12 d'abril de 2018 a les 00'01h",2018-04-12,0:1, 0, 2, 8, 3, 0h. 26min., 1h. 0min.
"Dijous, 12 d'abril de 2018 a les 00'06h",2018-04-12,0:6, 0, 2, 7, 2, 0h. 31min., 1h. 0min.
"Dijous, 12 d'abril de 2018 a les 00'11h",2018-04-12,0:11, 0, 2, 7, 2, 0h. 31min., 1h. 0min.
"Dijous, 12 d'abril de 2018 a les 00'16h",2018-04-12,0:16, 0, 2, 7, 1, 0h. 35min., 1h. 0min.
"Dijous, 12 d'abril de 2018 a les 00'21h",2018-04-12,0:21, 0, 2, 7, 1, 0h. 35min., 1h. 0min.
"Dijous, 12 d'abril de 2018 a les 00'26h",2018-04-12,0:26, 0, 2, 7, 1, 0h. 35min., 1h. 0min.
"Dijous, 12 d'abril de 2018 a les 00'31h",2018-04-12,0:31, 0, 2, 7, 2, 0h. 35min., 1h. 0min.
"Dijous, 12 d'abril de 2018 a les 00'36h",2018-04-12,0:36, 0, 2, 7, 2, 0h. 35min., 1h. 0min.
"Dijous, 12 d'abril de 2018 a les 00'41h",2018-04-12,0:41, 0, 2, 7, 1, 0h. 3min., 1h. 0min.
"Dijous, 12 d'abril de 2018 a les 00'46h",2018-04-12,0:46, 0, 2, 7, 1, 0h. 3min., 1h. 0min.
"Dijous, 12 d'abril de 2018 a les 00'51h",2018-04-12,0:51, 0, 2, 7, 1, 0h. 3min., 1h. 0min.
"Dijous, 12 d'abril de 2018 a les 00'56h",2018-04-12,0:56, 0, 2, 6, 1, 0h. 3min., 1h. 0min.
"Dijous, 12 d'abril de 2018 a les 01'01h",2018-04-12,1:1, 0, 2, 6, 2, 0h. 3min., 1h. 0min.
"Dijous, 12 d'abril de 2018 a les 01'06h",2018-04-12,1:7, 0, 2, 6, 2, 0h. 3min., 1h. 0min.
"Dijous, 12 d'abril de 2018 a les 01'11h",2018-04-12,1:12, 0, 2, 7, 2, 0h. 3min., 1h. 0min.
"Dijous, 12 d'abril de 2018 a les 01'16h",2018-04-12,1:17, 0, 2, 7, 2, 0h. 3min., 1h. 0min.
"Dijous, 12 d'abril de 2018 a les 01'21h",2018-04-12,1:22, 0, 2, 7, 3, 0h. 3min., 1h. 0min.
"Dijous, 12 d'abril de 2018 a les 01'26h",2018-04-12,1:27, 0, 2, 7, 3, 0h. 3min., 1h. 0min.
"Dijous, 12 d'abril de 2018 a les 01'31h",2018-04-12,1:32, 0, 2, 6, 2, 0h. 3min., 1h. 0min.
"Dijous, 12 d'abril de 2018 a les 01'36h",2018-04-12,1:37, 0, 2, 7, 2, 0h. 3min., 1h. 0min.
"Dijous, 12 d'abril de 2018 a les 01'41h",2018-04-12,1:42, 0, 2, 7, 2, 0h. 3min., 1h. 0min.
"Dijous, 12 d'abril de 2018 a les 01'46h",2018-04-12,1:47, 0, 2, 7, 2, 0h. 3min., 1h. 0min.
"Dijous, 12 d'abril de 2018 a les 01'51h",2018-04-12,1:52, 0, 2, 7, 2, 0h. 3min., 1h. 0min.
"Dijous, 12 d'abril de 2018 a les 01'56h",2018-04-12,1:57, 0, 2, 7, 2, 0h. 3min., 1h. 0min.
"Dijous, 12 d'abril de 2018 a les 02'01h",2018-04-12,2:2, 0, 2, 6, 2, 0h. 3min., 1h. 0min.
"Dijous, 12 d'abril de 2018 a les 02'06h",2018-04-12,2:7, 0, 2, 6, 1, 0h. 42min., 1h. 0min.
"Dijous, 12 d'abril de 2018 a les 02'11h",2018-04-12,2:12, 0, 2, 6, 1, 0h. 42min., 1h. 0min.
"Dijous, 12 d'abril de 2018 a les 02'16h",2018-04-12,2:17, 0, 2, 6, 1, 0h. 42min., 1h. 0min.
"Dijous, 12 d'abril de 2018 a les 02'21h",2018-04-12,2:22, 0, 2, 6, 1, 0h. 42min., 1h. 0min.
"Dijous, 12 d'abril de 2018 a les 02'26h",2018-04-12,2:27, 0, 2, 6, 1, 0h. 42min., 1h. 0min.
"Dijous, 12 d'abril de 2018 a les 02'31h",2018-04-12,2:32, 0, 2, 6, 1, 0h. 42min., 1h. 0min.
"Dijous, 12 d'abril de 2018 a les 02'36h",2018-04-12,2:37, 0, 2, 5, 1, 0h. 42min., 1h. 0min.
"Dijous, 12 d'abril de 2018 a les 02'41h",2018-04-12,2:42, 0, 2, 5, 1, 0h. 42min., 1h. 0min.
"Dijous, 12 d'abril de 2018 a les 02'46h",2018-04-12,2:47, 0, 2, 5, 1, 0h. 42min., 1h. 0min.
"Dijous, 12 d'abril de 2018 a les 02'51h",2018-04-12,2:52, 0, 2, 5, 0, 0h. 28min., 1h. 0min.
"Dijous, 12 d'abril de 2018 a les 02'56h",2018-04-12,2:57, 0, 2, 5, 0, 0h. 28min., 1h. 0min.
"Dijous, 12 d'abril de 2018 a les 03'01h",2018-04-12,3:2, 0, 2, 5, 0, 0h. 28min., 1h. 0min.
"Dijous, 12 d'abril de 2018 a les 03'06h",2018-04-12,3:7, 0, 2, 5, 1, 0h. 28min., 1h. 0min.
"Dijous, 12 d'abril de 2018 a les 03'11h",2018-04-12,3:12, 0, 2, 5, 2, 0h. 28min., 1h. 0min.
"Dijous, 12 d'abril de 2018 a les 03'16h",2018-04-12,3:17, 0, 2, 5, 2, 0h. 28min., 1h. 0min.
"Dijous, 12 d'abril de 2018 a les 03'21h",2018-04-12,3:22, 0, 2, 5, 1, 0h. 1min., 1h. 0min.
"Dijous, 12 d'abril de 2018 a les 03'26h",2018-04-12,3:27, 0, 2, 5, 1, 0h. 12min., 1h. 0min.
"Dijous, 12 d'abril de 2018 a les 03'31h",2018-04-12,3:32, 0, 2, 5, 1, 0h. 12min., 1h. 0min.
"Dijous, 12 d'abril de 2018 a les 03'36h",2018-04-12,3:37, 0, 2, 5, 1, 0h. 12min., 1h. 0min.
"Dijous, 12 d'abril de 2018 a les 03'41h",2018-04-12,3:42, 0, 2, 5, 1, 0h. 12min., 1h. 0min.
"Dijous, 12 d'abril de 2018 a les 03'46h",2018-04-12,3:47, 0, 2, 5, 1, 0h. 12min., 1h. 0min.
"Dijous, 12 d'abril de 2018 a les 03'51h",2018-04-12,3:52, 0, 2, 5, 1, 0h. 12min., 1h. 0min.
"Dijous, 12 d'abril de 2018 a les 03'56h",2018-04-12,3:57, 0, 2, 5, 1, 0h. 12min., 1h. 0min.
"Dijous, 12 d'abril de 2018 a les 04'01h",2018-04-12,4:2, 0, 2, 5, 1, 0h. 12min., 1h. 0min.
"Dijous, 12 d'abril de 2018 a les 04'06h",2018-04-12,4:7, 0, 2, 5, 1, 0h. 12min., 1h. 0min.
"Dijous, 12 d'abril de 2018 a les 04'11h",2018-04-12,4:12, 0, 2, 5, 0, 0h. 31min., 1h. 0min.
"Dijous, 12 d'abril de 2018 a les 04'16h",2018-04-12,4:17, 0, 2, 5, 0, 0h. 31min., 1h. 0min.
"Dijous, 12 d'abril de 2018 a les 04'21h",2018-04-12,4:22, 0, 2, 5, 0, 0h. 31min., 1h. 0min.
"Dijous, 12 d'abril de 2018 a les 04'26h",2018-04-12,4:27, 0, 2, 5, 0, 0h. 31min., 1h. 0min.
"Dijous, 12 d'abril de 2018 a les 04'31h",2018-04-12,4:32, 0, 2, 5, 0, 0h. 31min., 1h. 0min.
"Dijous, 12 d'abril de 2018 a les 04'36h",2018-04-12,4:37, 0, 2, 5, 1, 0h. 31min., 1h. 0min.
"Dijous, 12 d'abril de 2018 a les 04'41h",2018-04-12,4:42, 0, 2, 5, 1, 0h. 31min., 1h. 0min.
"Dijous, 12 d'abril de 2018 a les 04'46h",2018-04-12,4:47, 0, 2, 5, 1, 0h. 31min., 1h. 0min.
"Dijous, 12 d'abril de 2018 a les 04'51h",2018-04-12,4:52, 0, 2, 5, 1, 0h. 31min., 1h. 0min.
"Dijous, 12 d'abril de 2018 a les 04'56h",2018-04-12,4:57, 0, 2, 5, 1, 0h. 31min., 1h. 0min.
"Dijous, 12 d'abril de 2018 a les 05'01h",2018-04-12,5:2, 0, 2, 5, 1, 0h. 31min., 1h. 0min.
"Dijous, 12 d'abril de 2018 a les 05'06h",2018-04-12,5:7, 0, 2, 5, 0, 0h. 30min., 1h. 0min.
"Dijous, 12 d'abril de 2018 a les 05'11h",2018-04-12,5:12, 0, 2, 5, 0, 0h. 30min., 1h. 0min.
"Dijous, 12 d'abril de 2018 a les 05'16h",2018-04-12,5:17, 0, 2, 5, 0, 0h. 30min., 1h. 0min.
"Dijous, 12 d'abril de 2018 a les 05'21h",2018-04-12,5:22, 0, 2, 5, 0, 0h. 30min., 1h. 0min.
"Dijous, 12 d'abril de 2018 a les 05'26h",2018-04-12,5:27, 0, 2, 5, 0, 0h. 30min., 1h. 0min.
"Dijous, 12 d'abril de 2018 a les 05'31h",2018-04-12,5:32, 0, 2, 5, 0, 0h. 30min., 1h. 0min.
"Dijous, 12 d'abril de 2018 a les 05'36h",2018-04-12,5:37, 0, 2, 5, 0, 0h. 30min., 1h. 0min.
"Dijous, 12 d'abril de 2018 a les 05'41h",2018-04-12,5:42, 0, 2, 5, 0, 0h. 30min., 1h. 0min.
"Dijous, 12 d'abril de 2018 a les 05'46h",2018-04-12,5:47, 0, 2, 5, 0, 0h. 30min., 1h. 0min.
"Dijous, 12 d'abril de 2018 a les 05'51h",2018-04-12,5:52, 0, 2, 5, 0, 0h. 30min., 1h. 0min.
"Dijous, 12 d'abril de 2018 a les 05'56h",2018-04-12,5:57, 0, 2, 5, 0, 0h. 30min., 1h. 0min.
"Dijous, 12 d'abril de 2018 a les 06'01h",2018-04-12,6:2, 0, 2, 5, 0, 0h. 30min., 1h. 0min.
"Dijous, 12 d'abril de 2018 a les 06'06h",2018-04-12,6:7, 0, 2, 5, 0, 0h. 30min., 1h. 0min.
"Dijous, 12 d'abril de 2018 a les 06'11h",2018-04-12,6:12, 0, 2, 5, 0, 0h. 30min., 1h. 0min.
"Dijous, 12 d'abril de 2018 a les 06'16h",2018-04-12,6:17, 0, 2, 5, 0, 0h. 30min., 1h. 0min.
"Dijous, 12 d'abril de 2018 a les 06'21h",2018-04-12,6:22, 0, 2, 5, 0, 0h. 30min., 1h. 0min.
"Dijous, 12 d'abril de 2018 a les 06'26h",2018-04-12,6:27, 0, 2, 5, 0, 0h. 30min., 1h. 0min.
"Dijous, 12 d'abril de 2018 a les 06'31h",2018-04-12,6:32, 0, 2, 5, 0, 0h. 30min., 1h. 0min.
"Dijous, 12 d'abril de 2018 a les 06'36h",2018-04-12,6:38, 0, 2, 5, 0, 0h. 30min., 1h. 0min.
"Dijous, 12 d'abril de 2018 a les 06'41h",2018-04-12,6:43, 0, 2, 5, 0, 0h. 30min., 1h. 0min.
"Dijous, 12 d'abril de 2018 a les 06'46h",2018-04-12,6:48, 0, 2, 5, 0, 0h. 30min., 1h. 0min.
"Dijous, 12 d'abril de 2018 a les 06'51h",2018-04-12,6:53, 0, 2, 5, 0, 0h. 30min., 1h. 0min.
"Dijous, 12 d'abril de 2018 a les 06'56h",2018-04-12,6:58, 0, 2, 5, 1, 0h. 30min., 1h. 0min.
"Dijous, 12 d'abril de 2018 a les 07'01h",2018-04-12,7:3, 0, 2, 5, 1, 0h. 30min., 1h. 0min.
"Dijous, 12 d'abril de 2018 a les 07'06h",2018-04-12,7:8, 0, 2, 6, 1, 0h. 30min., 1h. 0min.
"Dijous, 12 d'abril de 2018 a les 07'11h",2018-04-12,7:13, 0, 2, 6, 1, 0h. 30min., 1h. 0min.
"Dijous, 12 d'abril de 2018 a les 07'16h",2018-04-12,7:18, 0, 2, 6, 1, 0h. 30min., 1h. 0min.
"Dijous, 12 d'abril de 2018 a les 07'21h",2018-04-12,7:23, 0, 2, 6, 1, 0h. 30min., 1h. 0min.
"Dijous, 12 d'abril de 2018 a les 07'26h",2018-04-12,7:28, 0, 2, 6, 1, 0h. 30min., 1h. 0min.
"Dijous, 12 d'abril de 2018 a les 07'31h",2018-04-12,7:33, 0, 2, 6, 1, 0h. 30min., 1h. 0min.
"Dijous, 12 d'abril de 2018 a les 07'36h",2018-04-12,7:38, 0, 2, 6, 1, 0h. 30min., 1h. 0min.
"Dijous, 12 d'abril de 2018 a les 07'41h",2018-04-12,7:43, 0, 2, 6, 1, 0h. 30min., 1h. 0min.
"Dijous, 12 d'abril de 2018 a les 07'46h",2018-04-12,7:48, 0, 2, 6, 1, 0h. 30min., 1h. 0min.
"Dijous, 12 d'abril de 2018 a les 07'51h",2018-04-12,7:53, 0, 2, 6, 1, 0h. 30min., 1h. 0min.
"Dijous, 12 d'abril de 2018 a les 07'56h",2018-04-12,7:58, 0, 2, 6, 2, 0h. 30min., 1h. 0min.
"Dijous, 12 d'abril de 2018 a les 08'01h",2018-04-12,8:3, 0, 2, 6, 3, 0h. 31min., 1h. 0min.
"Dijous, 12 d'abril de 2018 a les 08'06h",2018-04-12,8:8, 0, 2, 6, 3, 0h. 31min., 1h. 0min.
"Dijous, 12 d'abril de 2018 a les 08'11h",2018-04-12,8:13, 0, 2, 6, 3, 0h. 31min., 1h. 0min.
"Dijous, 12 d'abril de 2018 a les 08'16h",2018-04-12,8:18, 0, 2, 6, 3, 0h. 31min., 1h. 0min.
"Dijous, 12 d'abril de 2018 a les 08'21h",2018-04-12,8:23, 0, 2, 7, 3, 0h. 31min., 1h. 0min.
"Dijous, 12 d'abril de 2018 a les 08'26h",2018-04-12,8:28, 0, 2, 8, 4, 0h. 31min., 1h. 0min.
"Dijous, 12 d'abril de 2018 a les 08'31h",2018-04-12,8:33, 0, 2, 8, 4, 0h. 31min., 1h. 0min.
"Dijous, 12 d'abril de 2018 a les 08'36h",2018-04-12,8:38, 0, 2, 9, 4, 0h. 31min., 1h. 0min.
"Dijous, 12 d'abril de 2018 a les 08'41h",2018-04-12,8:43, 0, 2, 9, 4, 0h. 31min., 1h. 0min.
"Dijous, 12 d'abril de 2018 a les 08'46h",2018-04-12,8:48, 0, 2, 8, 5, 0h. 31min., 1h. 0min.
"Dijous, 12 d'abril de 2018 a les 08'51h",2018-04-12,8:53, 0, 2, 8, 5, 0h. 31min., 1h. 0min.
"Dijous, 12 d'abril de 2018 a les 08'56h",2018-04-12,8:58, 0, 2, 8, 5, 0h. 31min., 1h. 0min.
"Dijous, 12 d'abril de 2018 a les 09'01h",2018-04-12,9:3, 0, 2, 8, 5, 0h. 31min., 1h. 0min.
"Dijous, 12 d'abril de 2018 a les 09'06h",2018-04-12,9:8, 0, 2, 8, 5, 0h. 31min., 1h. 0min.
"Dijous, 12 d'abril de 2018 a les 09'11h",2018-04-12,9:13, 0, 2, 8, 5, 0h. 31min., 1h. 0min.
"Dijous, 12 d'abril de 2018 a les 09'16h",2018-04-12,9:18, 0, 2, 9, 5, 0h. 31min., 1h. 0min.
"Dijous, 12 d'abril de 2018 a les 09'21h",2018-04-12,9:23, 0, 2, 10, 4, 0h. 31min., 1h. 0min.
"Dijous, 12 d'abril de 2018 a les 09'26h",2018-04-12,9:28, 0, 2, 9, 5, 0h. 31min., 1h. 0min.
"Dijous, 12 d'abril de 2018 a les 09'31h",2018-04-12,9:33, 0, 2, 9, 5, 0h. 34min., 1h. 0min.
"Dijous, 12 d'abril de 2018 a les 09'36h",2018-04-12,9:38, 0, 2, 9, 7, 0h. 34min., 1h. 0min.
"Dijous, 12 d'abril de 2018 a les 09'41h",2018-04-12,9:43, 0, 2, 10, 6, 1h. 3min., 1h. 0min.
"Dijous, 12 d'abril de 2018 a les 09'46h",2018-04-12,9:48, 0, 2, 11, 7, 1h. 3min., 1h. 0min.
"Dijous, 12 d'abril de 2018 a les 09'51h",2018-04-12,9:53, 0, 2, 10, 9, 1h. 3min., 1h. 0min.
"Dijous, 12 d'abril de 2018 a les 09'56h",2018-04-12,9:58, 0, 2, 11, 8, 1h. 3min., 1h. 0min.
"Dijous, 12 d'abril de 2018 a les 10'01h",2018-04-12,10:3, 0, 2, 11, 8, 1h. 3min., 1h. 0min.
"Dijous, 12 d'abril de 2018 a les 10'06h",2018-04-12,10:8, 0, 2, 12, 9, 1h. 3min., 1h. 0min.
"Dijous, 12 d'abril de 2018 a les 10'11h",2018-04-12,10:13, 0, 2, 12, 9, 1h. 3min., 1h. 0min.
"Dijous, 12 d'abril de 2018 a les 10'16h",2018-04-12,10:18, 0, 2, 12, 9, 1h. 3min., 1h. 0min.
"Dijous, 12 d'abril de 2018 a les 10'21h",2018-04-12,10:23, 0, 2, 12, 10, 1h. 3min., 0h. 14min.
"Dijous, 12 d'abril de 2018 a les 10'26h",2018-04-12,10:28, 0, 2, 12, 10, 0h. 21min., 0h. 14min.
"Dijous, 12 d'abril de 2018 a les 10'31h",2018-04-12,10:33, 0, 2, 12, 11, 0h. 21min., 0h. 14min.
"Dijous, 12 d'abril de 2018 a les 10'36h",2018-04-12,10:38, 0, 2, 13, 11, 0h. 21min., 0h. 14min.
"Dijous, 12 d'abril de 2018 a les 10'41h",2018-04-12,10:43, 0, 2, 14, 12, 0h. 21min., 0h. 14min.
"Dijous, 12 d'abril de 2018 a les 10'46h",2018-04-12,10:48, 0, 2, 14, 13, 0h. 21min., 0h. 14min.
"Dijous, 12 d'abril de 2018 a les 10'51h",2018-04-12,10:53, 0, 2, 15, 13, 0h. 21min., 0h. 14min.
"Dijous, 12 d'abril de 2018 a les 10'56h",2018-04-12,10:58, 0, 2, 15, 10, 0h. 46min., 0h. 24min.
"Dijous, 12 d'abril de 2018 a les 11'01h",2018-04-12,11:3, 0, 2, 15, 10, 0h. 46min., 0h. 24min.
"Dijous, 12 d'abril de 2018 a les 11'06h",2018-04-12,11:8, 0, 2, 15, 12, 0h. 46min., 0h. 24min.
"Dijous, 12 d'abril de 2018 a les 11'11h",2018-04-12,11:13, 0, 2, 15, 11, 0h. 46min., 0h. 34min.
"Dijous, 12 d'abril de 2018 a les 11'16h",2018-04-12,11:18, 0, 2, 15, 11, 0h. 46min., 0h. 34min.
"Dijous, 12 d'abril de 2018 a les 11'21h",2018-04-12,11:23, 0, 2, 15, 12, 0h. 46min., 0h. 36min.
"Dijous, 12 d'abril de 2018 a les 11'26h",2018-04-12,11:28, 0, 2, 15, 11, 0h. 46min., 0h. 8min.
"Dijous, 12 d'abril de 2018 a les 11'31h",2018-04-12,11:33, 0, 2, 16, 8, 0h. 12min., 0h. 8min.
"Dijous, 12 d'abril de 2018 a les 11'36h",2018-04-12,11:38, 0, 2, 18, 8, 0h. 12min., 0h. 8min.
"Dijous, 12 d'abril de 2018 a les 11'41h",2018-04-12,11:43, 0, 3, 18, 8, 0h. 12min., 0h. 8min.
"Dijous, 12 d'abril de 2018 a les 11'46h",2018-04-12,11:48, 0, 3, 19, 8, 0h. 12min., 0h. 8min.
"Dijous, 12 d'abril de 2018 a les 11'51h",2018-04-12,11:53, 0, 3, 19, 10, 0h. 12min., 0h. 8min.
"Dijous, 12 d'abril de 2018 a les 11'56h",2018-04-12,11:58, 0, 4, 19, 9, 0h. 12min., 0h. 8min.
"Dijous, 12 d'abril de 2018 a les 12'01h",2018-04-12,12:3, 0, 5, 19, 8, 0h. 30min., 0h. 8min.
"Dijous, 12 d'abril de 2018 a les 12'06h",2018-04-12,12:8, 0, 5, 20, 8, 0h. 30min., 0h. 8min.
"Dijous, 12 d'abril de 2018 a les 12'06h",2018-04-12,12:13, 0, 5, 20, 8, 0h. 30min., 0h. 8min.
"Dijous, 12 d'abril de 2018 a les 12'16h",2018-04-12,12:19, 0, 5, 21, 9, 0h. 30min., 0h. 8min.
"Dijous, 12 d'abril de 2018 a les 12'21h",2018-04-12,12:24, 0, 5, 21, 9, 0h. 30min., 0h. 8min.
"Dijous, 12 d'abril de 2018 a les 12'26h",2018-04-12,12:29, 0, 5, 22, 9, 0h. 30min., 0h. 8min.
"Dijous, 12 d'abril de 2018 a les 12'31h",2018-04-12,12:34, 0, 5, 20, 9, 0h. 30min., 0h. 8min.
"Dijous, 12 d'abril de 2018 a les 12'36h",2018-04-12,12:39, 0, 5, 20, 9, 0h. 30min., 0h. 8min.
"Dijous, 12 d'abril de 2018 a les 12'41h",2018-04-12,12:44, 0, 5, 21, 10, 0h. 30min., 0h. 8min.
"Dijous, 12 d'abril de 2018 a les 12'46h",2018-04-12,12:49, 0, 5, 22, 11, 0h. 30min., 0h. 8min.
"Dijous, 12 d'abril de 2018 a les 12'51h",2018-04-12,12:54, 0, 5, 23, 11, 0h. 30min., 0h. 8min.
"Dijous, 12 d'abril de 2018 a les 12'56h",2018-04-12,12:59, 0, 5, 23, 9, 1h. 27min., 0h. 8min.
"Dijous, 12 d'abril de 2018 a les 13'01h",2018-04-12,13:4, 0, 5, 21, 7, 1h. 27min., 0h. 8min.
"Dijous, 12 d'abril de 2018 a les 13'06h",2018-04-12,13:9, 0, 5, 21, 7, 1h. 27min., 0h. 8min.
"Dijous, 12 d'abril de 2018 a les 13'11h",2018-04-12,13:14, 0, 5, 20, 7, 1h. 27min., 0h. 8min.
"Dijous, 12 d'abril de 2018 a les 13'16h",2018-04-12,13:19, 0, 6, 19, 7, 1h. 27min., 0h. 8min.
"Dijous, 12 d'abril de 2018 a les 13'21h",2018-04-12,13:24, 0, 6, 20, 7, 1h. 27min., 0h. 8min.
"Dijous, 12 d'abril de 2018 a les 13'26h",2018-04-12,13:29, 0, 6, 22, 7, 1h. 27min., 0h. 8min.
"Dijous, 12 d'abril de 2018 a les 13'31h",2018-04-12,13:34, 0, 6, 22, 6, 1h. 19min., 0h. 8min.
"Dijous, 12 d'abril de 2018 a les 13'36h",2018-04-12,13:39, 0, 6, 22, 6, 1h. 19min., 0h. 8min.
"Dijous, 12 d'abril de 2018 a les 13'41h",2018-04-12,13:44, 0, 6, 21, 6, 1h. 19min., 0h. 8min.
"Dijous, 12 d'abril de 2018 a les 13'46h",2018-04-12,13:49, 0, 6, 21, 7, 1h. 19min., 0h. 8min.
"Dijous, 12 d'abril de 2018 a les 13'51h",2018-04-12,13:54, 0, 6, 21, 8, 1h. 19min., 0h. 8min.
"Dijous, 12 d'abril de 2018 a les 13'56h",2018-04-12,13:59, 0, 6, 21, 5, 0h. 57min., 0h. 8min.
"Dijous, 12 d'abril de 2018 a les 14'01h",2018-04-12,14:4, 0, 6, 21, 5, 0h. 57min., 0h. 8min.
"Dijous, 12 d'abril de 2018 a les 14'06h",2018-04-12,14:9, 0, 6, 21, 5, 0h. 57min., 0h. 8min.
"Dijous, 12 d'abril de 2018 a les 14'11h",2018-04-12,14:14, 0, 6, 20, 5, 0h. 57min., 0h. 8min.
"Dijous, 12 d'abril de 2018 a les 14'16h",2018-04-12,14:19, 0, 6, 20, 5, 0h. 57min., 0h. 8min.
"Dijous, 12 d'abril de 2018 a les 14'21h",2018-04-12,14:24, 0, 6, 20, 7, 0h. 57min., 0h. 8min.
"Dijous, 12 d'abril de 2018 a les 14'26h",2018-04-12,14:29, 0, 5, 20, 5, 0h. 35min., 0h. 8min.
"Dijous, 12 d'abril de 2018 a les 14'31h",2018-04-12,14:34, 0, 5, 20, 5, 0h. 35min., 0h. 8min.
"Dijous, 12 d'abril de 2018 a les 14'36h",2018-04-12,14:39, 0, 5, 20, 5, 0h. 35min., 0h. 8min.
"Dijous, 12 d'abril de 2018 a les 14'41h",2018-04-12,14:44, 0, 5, 20, 5, 0h. 35min., 0h. 8min.
"Dijous, 12 d'abril de 2018 a les 14'46h",2018-04-12,14:49, 0, 6, 20, 5, 0h. 35min., 0h. 8min.
"Dijous, 12 d'abril de 2018 a les 14'51h",2018-04-12,14:54, 0, 6, 20, 7, 0h. 35min., 0h. 8min.
"Dijous, 12 d'abril de 2018 a les 14'56h",2018-04-12,14:59, 0, 6, 20, 5, 0h. 45min., 0h. 7min.
"Dijous, 12 d'abril de 2018 a les 15'01h",2018-04-12,15:4, 0, 6, 21, 4, 0h. 45min., 0h. 7min.
"Dijous, 12 d'abril de 2018 a les 15'06h",2018-04-12,15:9, 0, 6, 21, 5, 0h. 45min., 0h. 7min.
"Dijous, 12 d'abril de 2018 a les 15'11h",2018-04-12,15:14, 0, 6, 20, 8, 0h. 45min., 0h. 7min.
"Dijous, 12 d'abril de 2018 a les 15'16h",2018-04-12,15:19, 0, 6, 20, 8, 0h. 45min., 0h. 7min.
"Dijous, 12 d'abril de 2018 a les 15'21h",2018-04-12,15:24, 0, 6, 21, 8, 0h. 45min., 0h. 7min.
"Dijous, 12 d'abril de 2018 a les 15'26h",2018-04-12,15:29, 0, 6, 22, 8, 0h. 45min., 0h. 7min.
"Dijous, 12 d'abril de 2018 a les 15'31h",2018-04-12,15:34, 0, 6, 23, 8, 0h. 45min., 0h. 7min.
"Dijous, 12 d'abril de 2018 a les 15'36h",2018-04-12,15:39, 0, 6, 21, 8, 1h. 4min., 0h. 7min.
"Dijous, 12 d'abril de 2018 a les 15'41h",2018-04-12,15:44, 0, 6, 21, 9, 1h. 4min., 0h. 7min.
"Dijous, 12 d'abril de 2018 a les 15'46h",2018-04-12,15:49, 0, 5, 21, 9, 1h. 4min., 0h. 7min.
"Dijous, 12 d'abril de 2018 a les 15'51h",2018-04-12,15:54, 0, 5, 21, 10, 1h. 4min., 0h. 7min.
"Dijous, 12 d'abril de 2018 a les 15'56h",2018-04-12,15:59, 0, 5, 21, 11, 0h. 33min., 0h. 7min.
"Dijous, 12 d'abril de 2018 a les 16'01h",2018-04-12,16:4, 0, 5, 20, 10, 0h. 14min., 0h. 7min.
"Dijous, 12 d'abril de 2018 a les 16'06h",2018-04-12,16:9, 0, 4, 21, 12, 0h. 14min., 0h. 7min.
"Dijous, 12 d'abril de 2018 a les 16'11h",2018-04-12,16:14, 0, 4, 21, 12, 0h. 14min., 0h. 7min.
"Dijous, 12 d'abril de 2018 a les 16'16h",2018-04-12,16:19, 0, 4, 19, 10, 0h. 15min., 0h. 7min.
"Dijous, 12 d'abril de 2018 a les 16'21h",2018-04-12,16:24, 0, 4, 19, 10, 0h. 15min., 0h. 7min.
"Dijous, 12 d'abril de 2018 a les 16'26h",2018-04-12,16:29, 0, 4, 20, 9, 0h. 15min., 0h. 7min.
"Dijous, 12 d'abril de 2018 a les 16'31h",2018-04-12,16:34, 0, 4, 21, 9, 0h. 15min., 0h. 7min.
"Dijous, 12 d'abril de 2018 a les 16'36h",2018-04-12,16:39, 0, 4, 21, 10, 0h. 31min., 0h. 7min.
"Dijous, 12 d'abril de 2018 a les 16'41h",2018-04-12,16:44, 0, 4, 21, 11, 0h. 31min., 0h. 7min.
"Dijous, 12 d'abril de 2018 a les 16'46h",2018-04-12,16:49, 0, 4, 22, 11, 0h. 31min., 0h. 7min.
"Dijous, 12 d'abril de 2018 a les 16'51h",2018-04-12,16:54, 0, 4, 22, 11, 0h. 31min., 0h. 7min.
"Dijous, 12 d'abril de 2018 a les 16'56h",2018-04-12,16:59, 0, 4, 22, 11, 0h. 31min., 0h. 7min.
"Dijous, 12 d'abril de 2018 a les 17'01h",2018-04-12,17:4, 0, 4, 22, 13, 0h. 31min., 0h. 7min.
"Dijous, 12 d'abril de 2018 a les 17'06h",2018-04-12,17:9, 0, 4, 22, 13, 0h. 31min., 0h. 7min.
"Dijous, 12 d'abril de 2018 a les 17'11h",2018-04-12,17:14, 0, 3, 22, 8, 0h. 2min., 0h. 7min.
"Dijous, 12 d'abril de 2018 a les 17'16h",2018-04-12,17:20, 0, 3, 22, 10, 0h. 2min., 0h. 7min.
"Dijous, 12 d'abril de 2018 a les 17'21h",2018-04-12,17:25, 0, 4, 22, 10, 0h. 4min., 0h. 7min.
"Dijous, 12 d'abril de 2018 a les 17'26h",2018-04-12,17:30, 0, 4, 21, 9, 0h. 3min., 0h. 7min.
"Dijous, 12 d'abril de 2018 a les 17'31h",2018-04-12,17:35, 0, 4, 22, 9, 0h. 3min., 0h. 7min.
"Dijous, 12 d'abril de 2018 a les 17'36h",2018-04-12,17:40, 0, 4, 23, 10, 0h. 3min., 0h. 7min.
"Dijous, 12 d'abril de 2018 a les 17'41h",2018-04-12,17:45, 0, 4, 23, 11, 0h. 3min., 0h. 7min.
"Dijous, 12 d'abril de 2018 a les 17'46h",2018-04-12,17:50, 0, 4, 22, 11, 0h. 3min., 0h. 7min.
"Dijous, 12 d'abril de 2018 a les 17'51h",2018-04-12,17:55, 0, 5, 22, 13, 0h. 4min., 0h. 7min.
"Dijous, 12 d'abril de 2018 a les 17'56h",2018-04-12,18:0, 0, 5, 21, 12, 0h. 4min., 0h. 13min.
"Dijous, 12 d'abril de 2018 a les 18'01h",2018-04-12,18:5, 0, 5, 22, 12, 0h. 4min., 0h. 13min.
"Dijous, 12 d'abril de 2018 a les 18'06h",2018-04-12,18:10, 0, 5, 22, 12, 0h. 7min., 0h. 13min.
"Dijous, 12 d'abril de 2018 a les 18'11h",2018-04-12,18:15, 0, 5, 22, 13, 0h. 7min., 0h. 13min.
"Dijous, 12 d'abril de 2018 a les 18'16h",2018-04-12,18:20, 0, 5, 22, 13, 0h. 4min., 0h. 13min.
"Dijous, 12 d'abril de 2018 a les 18'21h",2018-04-12,18:25, 0, 5, 23, 13, 0h. 4min., 0h. 13min.
"Dijous, 12 d'abril de 2018 a les 18'26h",2018-04-12,18:30, 0, 5, 24, 13, 0h. 4min., 0h. 13min.
"Dijous, 12 d'abril de 2018 a les 18'31h",2018-04-12,18:35, 0, 5, 25, 13, 0h. 16min., 0h. 13min.
"Dijous, 12 d'abril de 2018 a les 18'36h",2018-04-12,18:40, 0, 5, 25, 14, 0h. 16min., 0h. 13min.
"Dijous, 12 d'abril de 2018 a les 18'41h",2018-04-12,18:45, 0, 5, 23, 14, 0h. 18min., 0h. 13min.
"Dijous, 12 d'abril de 2018 a les 18'46h",2018-04-12,18:50, 0, 5, 24, 15, 0h. 18min., 0h. 13min.
"Dijous, 12 d'abril de 2018 a les 18'51h",2018-04-12,18:55, 0, 5, 24, 14, 0h. 3min., 0h. 13min.
"Dijous, 12 d'abril de 2018 a les 18'56h",2018-04-12,19:0, 0, 5, 25, 13, 0h. 3min., 0h. 13min.
"Dijous, 12 d'abril de 2018 a les 19'01h",2018-04-12,19:5, 0, 5, 25, 14, 0h. 3min., 0h. 13min.
"Dijous, 12 d'abril de 2018 a les 19'06h",2018-04-12,19:10, 0, 5, 25, 11, 0h. 16min., 0h. 39min.
"Dijous, 12 d'abril de 2018 a les 19'11h",2018-04-12,19:15, 0, 5, 25, 11, 0h. 16min., 0h. 39min.
"Dijous, 12 d'abril de 2018 a les 19'16h",2018-04-12,19:20, 0, 5, 25, 11, 0h. 16min., 0h. 39min.
"Dijous, 12 d'abril de 2018 a les 19'21h",2018-04-12,19:25, 0, 6, 25, 10, 0h. 16min., 0h. 4min.
"Dijous, 12 d'abril de 2018 a les 19'26h",2018-04-12,19:30, 0, 6, 25, 10, 0h. 16min., 0h. 4min.
"Dijous, 12 d'abril de 2018 a les 19'31h",2018-04-12,19:35, 0, 6, 25, 11, 0h. 16min., 0h. 4min.
"Dijous, 12 d'abril de 2018 a les 19'36h",2018-04-12,19:40, 0, 6, 25, 12, 0h. 16min., 0h. 4min.
"Dijous, 12 d'abril de 2018 a les 19'41h",2018-04-12,19:45, 0, 6, 25, 13, 0h. 54min., 0h. 4min.
"Dijous, 12 d'abril de 2018 a les 19'46h",2018-04-12,19:50, 0, 6, 25, 14, 0h. 54min., 0h. 4min.
"Dijous, 12 d'abril de 2018 a les 19'51h",2018-04-12,19:55, 0, 6, 25, 14, 0h. 54min., 0h. 4min.
"Dijous, 12 d'abril de 2018 a les 19'56h",2018-04-12,20:0, 0, 6, 25, 14, 0h. 54min., 0h. 4min.
"Dijous, 12 d'abril de 2018 a les 20'01h",2018-04-12,20:5, 0, 6, 26, 14, 0h. 54min., 0h. 4min.
"Dijous, 12 d'abril de 2018 a les 20'06h",2018-04-12,20:10, 0, 5, 24, 11, 0h. 21min., 0h. 4min.
"Dijous, 12 d'abril de 2018 a les 20'11h",2018-04-12,20:15, 0, 5, 24, 11, 0h. 21min., 0h. 4min.
"Dijous, 12 d'abril de 2018 a les 20'16h",2018-04-12,20:20, 0, 5, 24, 12, 0h. 21min., 0h. 4min.
"Dijous, 12 d'abril de 2018 a les 20'21h",2018-04-12,20:25, 0, 5, 24, 13, 0h. 21min., 0h. 4min.
"Dijous, 12 d'abril de 2018 a les 20'26h",2018-04-12,20:30, 0, 5, 24, 10, 0h. 17min., 0h. 4min.
"Dijous, 12 d'abril de 2018 a les 20'31h",2018-04-12,20:35, 0, 4, 21, 11, 0h. 44min., 0h. 4min.
"Dijous, 12 d'abril de 2018 a les 20'36h",2018-04-12,20:40, 0, 4, 21, 11, 0h. 44min., 0h. 4min.
"Dijous, 12 d'abril de 2018 a les 20'41h",2018-04-12,20:45, 0, 4, 21, 9, 0h. 44min., 0h. 2min.
"Dijous, 12 d'abril de 2018 a les 20'46h",2018-04-12,20:50, 0, 4, 21, 9, 0h. 44min., 0h. 2min.
"Dijous, 12 d'abril de 2018 a les 20'51h",2018-04-12,20:55, 0, 4, 21, 7, 0h. 48min., 0h. 4min.
"Dijous, 12 d'abril de 2018 a les 20'56h",2018-04-12,21:0, 0, 3, 21, 7, 0h. 5min., 0h. 4min.
"Dijous, 12 d'abril de 2018 a les 21'01h",2018-04-12,21:5, 0, 3, 21, 8, 0h. 5min., 0h. 4min.
"Dijous, 12 d'abril de 2018 a les 21'06h",2018-04-12,21:10, 0, 3, 21, 8, 0h. 5min., 0h. 4min.
"Dijous, 12 d'abril de 2018 a les 21'11h",2018-04-12,21:15, 0, 3, 21, 9, 0h. 5min., 0h. 4min.
"Dijous, 12 d'abril de 2018 a les 21'16h",2018-04-12,21:20, 0, 3, 19, 11, 0h. 5min., 0h. 4min.
"Dijous, 12 d'abril de 2018 a les 21'21h",2018-04-12,21:25, 0, 3, 19, 11, 0h. 5min., 0h. 4min.
"Dijous, 12 d'abril de 2018 a les 21'26h",2018-04-12,21:30, 0, 3, 19, 11, 0h. 5min., 0h. 4min.
"Dijous, 12 d'abril de 2018 a les 21'31h",2018-04-12,21:35, 0, 3, 19, 12, 0h. 5min., 0h. 4min.
"Dijous, 12 d'abril de 2018 a les 21'36h",2018-04-12,21:40, 0, 3, 19, 12, 0h. 5min., 0h. 4min.
"Dijous, 12 d'abril de 2018 a les 21'41h",2018-04-12,21:45, 0, 3, 18, 10, 0h. 11min., 0h. 4min.
"Dijous, 12 d'abril de 2018 a les 21'46h",2018-04-12,21:50, 0, 3, 18, 9, 0h. 5min., 0h. 4min.
"Dijous, 12 d'abril de 2018 a les 21'51h",2018-04-12,21:55, 0, 3, 18, 9, 0h. 5min., 0h. 4min.
"Dijous, 12 d'abril de 2018 a les 21'56h",2018-04-12,22:0, 0, 3, 18, 8, 0h. 5min., 0h. 49min.
"Dijous, 12 d'abril de 2018 a les 22'01h",2018-04-12,22:5, 0, 3, 18, 8, 0h. 5min., 0h. 49min.
"Dijous, 12 d'abril de 2018 a les 22'06h",2018-04-12,22:10, 0, 3, 16, 7, 0h. 5min., 0h. 48min.
"Dijous, 12 d'abril de 2018 a les 22'11h",2018-04-12,22:15, 0, 3, 16, 5, 0h. 23min., 0h. 41min.
"Dijous, 12 d'abril de 2018 a les 22'16h",2018-04-12,22:20, 0, 3, 16, 6, 0h. 23min., 0h. 41min.
"Dijous, 12 d'abril de 2018 a les 22'21h",2018-04-12,22:25, 0, 3, 16, 6, 0h. 23min., 0h. 41min.
"Dijous, 12 d'abril de 2018 a les 22'26h",2018-04-12,22:30, 0, 3, 16, 4, 0h. 24min., 0h. 41min.
"Dijous, 12 d'abril de 2018 a les 22'31h",2018-04-12,22:35, 0, 3, 16, 4, 0h. 24min., 0h. 41min.
"Dijous, 12 d'abril de 2018 a les 22'36h",2018-04-12,22:40, 0, 3, 16, 3, 0h. 13min., 0h. 41min.
"Dijous, 12 d'abril de 2018 a les 22'41h",2018-04-12,22:45, 0, 3, 16, 4, 0h. 13min., 0h. 41min.
"Dijous, 12 d'abril de 2018 a les 22'46h",2018-04-12,22:51, 0, 3, 15, 4, 0h. 13min., 0h. 41min.
"Dijous, 12 d'abril de 2018 a les 22'51h",2018-04-12,22:56, 0, 3, 15, 4, 0h. 3min., 0h. 41min.
"Dijous, 12 d'abril de 2018 a les 22'56h",2018-04-12,23:1, 0, 3, 14, 4, 0h. 3min., 0h. 41min.
"Dijous, 12 d'abril de 2018 a les 23'01h",2018-04-12,23:6, 0, 3, 14, 4, 0h. 4min., 0h. 41min.
"Dijous, 12 d'abril de 2018 a les 23'06h",2018-04-12,23:11, 0, 3, 15, 4, 0h. 4min., 0h. 41min.
"Dijous, 12 d'abril de 2018 a les 23'16h",2018-04-12,23:16, 0, 3, 15, 6, 0h. 13min., 0h. 41min.
"Dijous, 12 d'abril de 2018 a les 23'21h",2018-04-12,23:21, 0, 3, 15, 7, 0h. 13min., 0h. 41min.
"Dijous, 12 d'abril de 2018 a les 23'26h",2018-04-12,23:26, 0, 3, 14, 7, 0h. 13min., 0h. 41min.
"Dijous, 12 d'abril de 2018 a les 23'31h",2018-04-12,23:31, 0, 3, 14, 6, 0h. 13min., 0h. 4min.
"Dijous, 12 d'abril de 2018 a les 23'36h",2018-04-12,23:36, 0, 3, 14, 6, 0h. 13min., 0h. 4min.
"Dijous, 12 d'abril de 2018 a les 23'41h",2018-04-12,23:41, 0, 3, 14, 6, 0h. 13min., 0h. 4min.
"Dijous, 12 d'abril de 2018 a les 23'46h",2018-04-12,23:46, 0, 3, 13, 5, 0h. 13min., 0h. 12min.
"Dijous, 12 d'abril de 2018 a les 23'51h",2018-04-12,23:51, 0, 3, 13, 6, 0h. 13min., 0h. 12min.
"Dijous, 12 d'abril de 2018 a les 23'56h",2018-04-12,23:56, 0, 3, 13, 6, 0h. 13min., 0h. 12min.
